{
  "keys": [
    "Height",
    "Thigh Length",
    "Calf Length",
    "Feet Length",
    "Neck Length",
    "Shoulder Width",
    "Upper Arm Length",
    "Forearm Length",
    "Hand Length",
    "Muscle",
    "Body Fat",
    "Neck Thickness",
    "Bust",
    "Cup",
    "Waist",
    "Belly",
    "Hips",
    "Thigh Size",
    "Calf Size",
    "Upper Arm Size",
    "Forearm Size",
    "Hand Size"
  ],
  "extra": {
    "Torso Length": 52.88180,
    "Head Length": 17.83403
  },
  "basis": {
    "Height": 174.59,
    "Thigh Length": 45.84773,
    "Calf Length": 46.71822,
    "Feet Length": 24.95818,
    "Neck Length": 11.30822,
    "Shoulder Width": 43.42514,
    "Upper Arm Length": 25.20014,
    "Forearm Length": 24.77694,
    "Hand Length": 18.56700,
    "Muscle": 0.25,
    "Body Fat": 0.2,
    "Neck Thickness": 32.21194,
    "Bust": 96.75247,
    "Cup": 15.09754,
    "Waist": 69.90949,
    "Belly": 80.75730,
    "Hips": 102.57145,
    "Thigh Size": 55.89947,
    "Calf Size": 36.81380,
    "Upper Arm Size": 25.16563,
    "Forearm Size": 22.76084,
    "Hand Size": 20.51066
  },
  "rows": {
    "spine": {
      "Height": 252.96800,
      "Thigh Length": 68.771595,
      "Calf Length": 70.07733,
      "Feet Length": 37.43727,
      "Neck Length": 16.96233,
      "Shoulder Width": 65.13771,
      "Upper Arm Length": 37.80021,
      "Forearm Length": 37.16541,
      "Hand Length": 27.85050,
      "Muscle": 0.25,
      "Body Fat": 0.2,
      "Neck Thickness": 43.84817,
      "Bust": 145.128705,
      "Cup": 22.64631,
      "Waist": 104.864235,
      "Belly": 121.13595,
      "Hips": 153.857175,
      "Thigh Size": 83.849205,
      "Calf Size": 55.22070,
      "Upper Arm Size": 37.748445,
      "Forearm Size": 34.14126,
      "Hand Size": 30.76599
    },
    "thigh": {
      "Height": 193.07600,
      "Thigh Length": 55.01728,
      "Calf Length": 56.04401,
      "Feet Length": 24.95818,
      "Neck Length": 11.30822,
      "Shoulder Width": 43.42514,
      "Upper Arm Length": 25.20014,
      "Forearm Length": 24.77694,
      "Hand Length": 18.56700,
      "Muscle": 0.25,
      "Body Fat": 0.2,
      "Neck Thickness": 32.21194,
      "Bust": 96.75247,
      "Cup": 15.09754,
      "Waist": 69.90949,
      "Belly": 80.75730,
      "Hips": 102.57145,
      "Thigh Size": 55.89947,
      "Calf Size": 36.81380,
      "Upper Arm Size": 25.16563,
      "Forearm Size": 22.76084,
      "Hand Size": 20.51066
    },
    "calf": {
      "Height": 197.74900,
      "Thigh Length": 45.84773,
      "Calf Length": 70.07745,
      "Feet Length": 24.95818,
      "Neck Length": 11.30822,
      "Shoulder Width": 43.42514,
      "Upper Arm Length": 25.20014,
      "Forearm Length": 24.77694,
      "Hand Length": 18.56700,
      "Muscle": 0.25,
      "Body Fat": 0.2,
      "Neck Thickness": 32.21194,
      "Bust": 96.75247,
      "Cup": 15.09754,
      "Waist": 69.90949,
      "Belly": 80.75730,
      "Hips": 102.57145,
      "Thigh Size": 55.89947,
      "Calf Size": 36.81380,
      "Upper Arm Size": 25.16563,
      "Forearm Size": 22.76084,
      "Hand Size": 20.51066
    },
    "feet": {
      "Height": 174.59,
      "Thigh Length": 45.84773,
      "Calf Length": 46.71822,
      "Feet Length": 29.23881,
      "Neck Length": 11.30822,
      "Shoulder Width": 43.42514,
      "Upper Arm Length": 25.20014,
      "Forearm Length": 24.77694,
      "Hand Length": 18.56700,
      "Muscle": 0.25,
      "Body Fat": 0.2,
      "Neck Thickness": 32.21194,
      "Bust": 96.75247,
      "Cup": 15.09754,
      "Waist": 69.90949,
      "Belly": 80.75730,
      "Hips": 102.57145,
      "Thigh Size": 55.89947,
      "Calf Size": 36.81380,
      "Upper Arm Size": 25.16563,
      "Forearm Size": 22.76084,
      "Hand Size": 20.51066
    },
    "neck": {
      "Height": 183.35600,
      "Thigh Length": 45.84773,
      "Calf Length": 46.71822,
      "Feet Length": 24.95818,
      "Neck Length": 20.35479,
      "Shoulder Width": 43.42514,
      "Upper Arm Length": 25.20014,
      "Forearm Length": 24.77694,
      "Hand Length": 18.56700,
      "Muscle": 0.25,
      "Body Fat": 0.2,
      "Neck Thickness": 32.21194,
      "Bust": 96.75247,
      "Cup": 15.09754,
      "Waist": 69.90949,
      "Belly": 80.75730,
      "Hips": 102.57145,
      "Thigh Size": 55.89947,
      "Calf Size": 36.81380,
      "Upper Arm Size": 25.16563,
      "Forearm Size": 22.76084,
      "Hand Size": 20.51066
    },
    "upper_arm": {
      "Height": 174.59,
      "Thigh Length": 45.84773,
      "Calf Length": 46.71822,
      "Feet Length": 24.95818,
      "Neck Length": 11.30822,
      "Shoulder Width": 43.42514,
      "Upper Arm Length": 37.80021,
      "Forearm Length": 34.50024,
      "Hand Length": 25.18708,
      "Muscle": 0.25,
      "Body Fat": 0.2,
      "Neck Thickness": 32.21194,
      "Bust": 96.75247,
      "Cup": 15.09754,
      "Waist": 69.90949,
      "Belly": 80.75730,
      "Hips": 102.57145,
      "Thigh Size": 55.89947,
      "Calf Size": 36.81380,
      "Upper Arm Size": 25.16563,
      "Forearm Size": 23.51880,
      "Hand Size": 20.51066
    },
    "forearm": {
      "Height": 174.59,
      "Thigh Length": 45.84773,
      "Calf Length": 46.71822,
      "Feet Length": 24.95818,
      "Neck Length": 11.30822,
      "Shoulder Width": 43.42514,
      "Upper Arm Length": 25.20014,
      "Forearm Length": 37.16541,
      "Hand Length": 26.17969,
      "Muscle": 0.25,
      "Body Fat": 0.2,
      "Neck Thickness": 32.21194,
      "Bust": 96.75247,
      "Cup": 15.09754,
      "Waist": 69.90949,
      "Belly": 80.75730,
      "Hips": 102.57145,
      "Thigh Size": 55.89947,
      "Calf Size": 36.81380,
      "Upper Arm Size": 25.16563,
      "Forearm Size": 22.76084,
      "Hand Size": 20.51066
    },
    "hand": {
      "Height": 174.59,
      "Thigh Length": 45.84773,
      "Calf Length": 46.71822,
      "Feet Length": 24.95818,
      "Neck Length": 11.30822,
      "Shoulder Width": 43.42514,
      "Upper Arm Length": 25.20014,
      "Forearm Length": 24.77694,
      "Hand Length": 21.83428,
      "Muscle": 0.25,
      "Body Fat": 0.2,
      "Neck Thickness": 32.21194,
      "Bust": 96.75247,
      "Cup": 15.09754,
      "Waist": 69.90949,
      "Belly": 80.75730,
      "Hips": 102.57145,
      "Thigh Size": 55.89947,
      "Calf Size": 36.81380,
      "Upper Arm Size": 25.16563,
      "Forearm Size": 22.76084,
      "Hand Size": 20.51066
    }
  },
  "ctrl": {
    "thigh": "Thigh Length",
    "calf": "Calf Length",
    "feet": "Feet Length",
    "neck": "Neck Length",
    "upper_arm": "Upper Arm Length",
    "forearm": "Forearm Length",
    "hand": "Hand Length"
  },
  "size_rows": {
    "b_main_muscular": {
      "Basis": { "Muscle": 0.25 },
      "Point1": { "Muscle": 0.8 },
      "ShapeKeyMultiplier": 2
    },
    "b_main_overweight": {
      "Basis": { "Body Fat": 0.2 },
      "Point1": {
        "Torso Length": 52.88180,
        "Height": 174.59000,
        "Thigh Length": 45.84773,
        "Calf Length": 46.71822,
        "Feet Length": 24.95818,
        "Neck Length": 11.30822,
        "Shoulder Width": 47.55277,
        "Upper Arm Length": 25.20014,
        "Forearm Length": 24.77694,
        "Hand Length": 18.56700,
        "Muscle": 0.25,
        "Body Fat": 0.8,
        "Neck Thickness": 35.95241,
        "Bust": 117.01404,
        "Cup": 9.50594,
        "Waist": 103.57210,
        "Belly": 116.29079,
        "Hips": 131.24228,
        "Thigh Size": 79.18277,
        "Calf Size": 47.01452,
        "Upper Arm Size": 40.06407,
        "Forearm Size": 25.55198,
        "Hand Size": 23.37152,
        "Head Length": 17.83403
      },
      "ShapeKeyMultiplier": 2
    },
    "b_main_skinny": {
      "Basis": { "Body Fat": 0.2 },
      "Point1": {
        "Torso Length": 52.88180,
        "Height": 174.59000,
        "Thigh Length": 45.84773,
        "Calf Length": 46.71822,
        "Feet Length": 24.95818,
        "Neck Length": 11.30822,
        "Shoulder Width": 41.74698,